{
  "analysis_date": "2025-09-13T11:46:33.366586",
  "n_targets": 669147,
  "n_decoys": 669100,
  "target_score_stats": {
    "min": 1.2791213066520868e-06,
    "max": 1.0,
    "mean": 0.601725262358153,
    "median": 0.7855294942855835,
    "std": 0.3947652220399336
  },
  "decoy_score_stats": {
    "min": 1.2791213066520868e-06,
    "max": 0.9999998807907104,
    "mean": 0.5619597849815211,
    "median": 0.700428694486618,
    "std": 0.3962575708604192
  },
  "separation_quality": {
    "mean_difference": 0.03976547737663194,
    "median_difference": 0.08510079979896545,
    "best_target_score": 1.0,
    "best_decoy_score": 0.9999998807907104,
    "worst_target_score": 1.2791213066520868e-06,
    "worst_decoy_score": 1.2791213066520868e-06
  }
}